id,first_name,last_name,email,gender,ip_address
1,Moll,Stoke,mstoke0@hatena.ne.jp,Female,77.168.73.68
2,Ivory,Habbert,ihabbert1@illinois.edu,Female,202.44.130.124
3,Shanan,Syer,ssyer2@squarespace.com,Male,231.20.247.183
4,Dalt,Bedells,dbedells3@eventbrite.com,Male,132.226.207.52
5,Cleve,Sebire,csebire4@elpais.com,Male,251.96.248.220
6,Candida,O'Corrane,cocorrane5@shutterfly.com,Female,104.108.169.54
7,Mufi,Pullen,mpullen6@cocolog-nifty.com,Female,141.250.59.230
8,Curcio,Graundisson,cgraundisson7@youtu.be,Genderqueer,53.11.242.222
9,Broderick,Lehrle,blehrle8@ameblo.jp,Male,28.18.72.155
10,Brana,Mallabone,bmallabone9@delicious.com,Female,188.213.190.212
11,Kyle,Bidgod,kbidgoda@ifeng.com,Female,205.99.65.90
12,Dill,Loxley,dloxleyb@bbb.org,Male,100.52.137.128
13,Giorgio,Cestard,gcestardc@bloglines.com,Male,227.102.202.214
14,Katey,Heckner,khecknerd@histats.com,Female,8.89.89.222
15,Adelaide,Diwell,adiwelle@ox.ac.uk,Female,180.205.53.124
16,Riccardo,Keward,rkewardf@pinterest.com,Genderqueer,152.166.231.150
17,Brucie,Drains,bdrainsg@abc.net.au,Male,126.81.55.45
18,Casper,Teek,cteekh@webmd.com,Male,128.5.217.73
19,Katti,Roocroft,kroocrofti@home.pl,Female,133.55.245.249
20,Ev,Bangiard,ebangiardj@unblog.fr,Male,195.39.237.105
21,Sloane,Hawksby,shawksbyk@illinois.edu,Male,225.57.6.114
22,Balduin,Zywicki,bzywickil@goodreads.com,Male,55.205.104.179
23,Lissi,Cranmore,lcranmorem@cocolog-nifty.com,Female,4.30.77.126
24,Drucie,McCurry,dmccurryn@omniture.com,Genderfluid,49.215.232.83
25,Joseito,Paddington,jpaddingtono@dropbox.com,Male,104.139.171.53
26,Florencia,Crufts,fcruftsp@indiatimes.com,Female,12.105.161.109
27,Drake,Provis,dprovisq@discuz.net,Male,79.225.3.18
28,Averil,Kivlin,akivlinr@google.com.br,Female,223.235.38.229
29,Artus,Fawdery,afawderys@fc2.com,Male,67.64.46.25
30,Mehetabel,Rossbrook,mrossbrookt@pen.io,Female,250.250.131.42
31,Ronny,Ivison,rivisonu@opera.com,Female,65.230.0.214
32,Torey,Keynes,tkeynesv@bigcartel.com,Male,44.40.18.205
33,Harley,Kelling,hkellingw@army.mil,Female,20.194.71.202
34,Cheri,Renwick,crenwickx@omniture.com,Female,20.18.199.82
35,Esme,Briars,ebriarsy@yellowpages.com,Female,240.255.88.44
36,Rainer,Schroder,rschroderz@bloglines.com,Male,12.245.129.173
37,Silvano,Peck,speck10@netlog.com,Male,8.166.233.30
38,Gordon,Giffen,ggiffen11@skyrock.com,Male,54.184.204.252
39,Alfie,Skyner,askyner12@gov.uk,Male,101.172.161.155
40,Lyndsey,Guyan,lguyan13@lulu.com,Female,116.53.209.134
41,Arlyn,Borg,aborg14@jugem.jp,Female,28.129.244.212
42,Gorden,Ennew,gennew15@creativecommons.org,Male,148.172.234.215
43,Giorgio,Eynald,geynald16@artisteer.com,Male,77.165.216.223
44,Clive,Housbie,chousbie17@de.vu,Male,77.157.201.59
45,Ruggiero,McMillian,rmcmillian18@ed.gov,Male,187.68.19.152
46,Vincenty,Fewster,vfewster19@ehow.com,Male,189.195.93.142
47,Christin,Edwinson,cedwinson1a@oracle.com,Female,47.162.152.177
48,Stanislaw,Ramage,sramage1b@hp.com,Male,87.108.207.175
49,Pooh,Gamage,pgamage1c@vistaprint.com,Male,162.100.113.147
50,Borden,Bavin,bbavin1d@google.co.uk,Male,138.241.114.52
51,Rees,Keningham,rkeningham1e@businesswire.com,Male,16.208.202.165
52,Rhys,McInteer,rmcinteer1f@businesswire.com,Male,145.95.21.174
53,Kelbee,Kibble,kkibble1g@weather.com,Polygender,60.97.159.57
54,Celka,Firebrace,cfirebrace1h@comcast.net,Female,103.83.117.32
55,Padget,Riddiough,priddiough1i@smh.com.au,Male,184.157.40.125
56,Dido,Cudmore,dcudmore1j@biglobe.ne.jp,Female,223.247.109.182
57,Biron,Perigo,bperigo1k@ed.gov,Male,165.67.112.5
58,Terrel,Romke,tromke1l@nba.com,Male,61.85.5.152
59,Ethel,Houlston,ehoulston1m@earthlink.net,Female,163.110.117.228
60,Helen,Van Leeuwen,hvanleeuwen1n@pen.io,Female,131.116.58.82
61,Westbrooke,Conechie,wconechie1o@google.co.jp,Male,159.225.65.254
62,Sayre,Endersby,sendersby1p@ehow.com,Male,105.70.177.78
63,Gerardo,Klimowski,gklimowski1q@over-blog.com,Male,37.157.49.229
64,Douglass,Jerrans,djerrans1r@gizmodo.com,Male,76.128.192.171
65,Gilburt,Quakley,gquakley1s@whitehouse.gov,Male,139.31.27.100
66,Kirstyn,Burniston,kburniston1t@ibm.com,Female,208.183.201.162
67,Mireille,Cruden,mcruden1u@meetup.com,Female,140.60.156.203
68,Bunni,Posselwhite,bposselwhite1v@plala.or.jp,Female,160.59.201.75
69,Jackquelin,Scutter,jscutter1w@dedecms.com,Female,168.163.236.124
70,Manolo,Jouhan,mjouhan1x@ucsd.edu,Male,40.3.37.105
71,Ashly,Egentan,aegentan1y@phoca.cz,Polygender,239.2.170.70
72,Philipa,Padmore,ppadmore1z@bloglines.com,Genderqueer,86.190.223.124
73,Lief,McIlmorie,lmcilmorie20@house.gov,Male,169.67.211.196
74,Sherlock,Maxstead,smaxstead21@google.ru,Non-binary,135.38.17.38
75,Mirabelle,Ridgwell,mridgwell22@wired.com,Polygender,207.99.218.154
76,Ladonna,Bouller,lbouller23@mozilla.org,Female,162.6.135.12
77,Romeo,Abriani,rabriani24@who.int,Male,45.204.4.253
78,Gibby,Boylund,gboylund25@squidoo.com,Male,120.217.149.246
79,Matt,Lowery,mlowery26@dedecms.com,Male,250.238.97.200
80,Mozes,Aksell,maksell27@princeton.edu,Male,98.87.54.203
81,Mortimer,Duham,mduham28@biglobe.ne.jp,Male,252.155.37.96
82,Karlen,Girardini,kgirardini29@biblegateway.com,Female,77.226.113.146
83,Leighton,Bondley,lbondley2a@ameblo.jp,Male,8.175.207.37
84,Adolph,Simukov,asimukov2b@acquirethisname.com,Male,32.176.82.43
85,Marcellina,Stebles,mstebles2c@nih.gov,Female,112.104.217.143
86,Thorpe,Wibberley,twibberley2d@histats.com,Male,195.106.100.51
87,Franky,Adie,fadie2e@nih.gov,Male,127.249.188.215
88,Piotr,Jadczak,pjadczak2f@usda.gov,Male,9.25.151.94
89,Creighton,Oldrey,coldrey2g@washington.edu,Male,24.153.134.221
90,Estrellita,Brando,ebrando2h@delicious.com,Female,11.51.101.65
91,Anstice,Record,arecord2i@shinystat.com,Female,35.51.39.50
92,Merrick,McIntee,mmcintee2j@utexas.edu,Male,221.152.38.197
93,Laryssa,Cargon,lcargon2k@yahoo.co.jp,Female,110.177.34.189
94,Bruce,Walklot,bwalklot2l@purevolume.com,Male,255.155.218.105
95,Leta,Corbally,lcorbally2m@163.com,Female,177.223.38.94
96,Leeann,Rollitt,lrollitt2n@ezinearticles.com,Bigender,182.146.104.26
97,Gherardo,Fairlaw,gfairlaw2o@360.cn,Male,70.140.238.4
98,Moshe,Stowell,mstowell2p@webs.com,Male,90.85.87.108
99,Felice,Sawyer,fsawyer2q@yolasite.com,Male,171.205.9.126
100,Harold,Matusiak,hmatusiak2r@skype.com,Genderfluid,83.145.133.41
